"Some on-air claims about Dominion Voting Systems were false, Fox News acknowledges in statement after deal is announced","",http://rss.cnn.com/rss/cnn_topstories.rss,"Wed, 19 Apr 2023 12:44:51 GMT",Others
"Dominion still has pending lawsuits against election deniers such as Rudy Giuliani and Sidney Powell","",http://rss.cnn.com/rss/cnn_topstories.rss,"",Others
"Here are the 20 specific Fox broadcasts and tweets Dominion says were defamatory","‚Ä¢ Fox-Dominion trial delay 'is not unusual,' judge says
‚Ä¢ Fox News' defamation battle isn't stopping Trump's election lies",http://rss.cnn.com/rss/cnn_topstories.rss,"Mon, 17 Apr 2023 16:01:11 GMT",Others
"Judge in Fox News-Dominion defamation trial: 'The parties have resolved their case'","The judge just announced in court that a settlement has been reached in the historic defamation case between Fox News and Dominion Voting Systems.",http://rss.cnn.com/rss/cnn_topstories.rss,"Wed, 19 Apr 2023 08:28:17 GMT",Others
"'Difficult to say with a straight face': Tapper reacts to Fox News' statement on settlement","A settlement has been reached in Dominion Voting Systems' defamation case against Fox News, the judge for the case announced. The network will pay more than $787 million to Dominion, a lawyer for the company said.",http://rss.cnn.com/rss/cnn_topstories.rss,"Tue, 18 Apr 2023 21:17:44 GMT",Others
"Millions in the US could face massive consequences unless McCarthy can navigate out of a debt trap he set for Biden","‚Ä¢ DeSantis goes to Washington, a place he once despised, looking for support to take on Trump
‚Ä¢ Opinion: For the GOP to win, it must ditch Trump
‚Ä¢ Chris Christie mulling 2024 White House bid
‚Ä¢ Analysis: The fire next time has begun burning in Tennessee",http://rss.cnn.com/rss/cnn_topstories.rss,"Tue, 18 Apr 2023 20:34:45 GMT",Others
"White homeowner accused of shooting a Black teen who rang his doorbell turns himself in to face criminal charges","‚Ä¢ 'A major part of Ralph died': Aunt of teen shot after ringing wrong doorbell speaks
‚Ä¢ 20-year-old woman shot after friend turned into the wrong driveway in upstate New York, officials say",http://rss.cnn.com/rss/cnn_topstories.rss,"Wed, 19 Apr 2023 04:29:05 GMT",Others
"Newly released video shows scene of Jeremy Renner's snowplow accident","Newly released body camera footage shows firefighters and sheriff's deputies rushing to help actor Jeremy Renner after a near-fatal snowplow accident in January. The ""Avengers"" actor broke more than 30 bones and suffered other severe injuries. CNN's Chloe Melas has more.",http://rss.cnn.com/rss/cnn_topstories.rss,"Tue, 18 Apr 2023 14:09:43 GMT",Others
"Jake Gyllenhaal and Jamie Lee Curtis spent the Covid-19 lockdown together","It's sourdough bread and handstands for Jake Gyllenhaal and Jamie Lee Curtis.",http://rss.cnn.com/rss/cnn_topstories.rss,"Tue, 18 Apr 2023 14:40:32 GMT",Others
"Toddler crawls through White House fence, prompts Secret Service response","A tiny intruder infiltrated White House grounds Tuesday, prompting a swift response from the US Secret Service.",http://rss.cnn.com/rss/cnn_topstories.rss,"Tue, 18 Apr 2023 17:38:16 GMT",Others
"Jamie Foxx remains hospitalized nearly a week after 'medical complication'","Jamie Foxx remains hospitalized in Georgia nearly a week after his daughter revealed the actor experienced a ""medical complication,"" a source with knowledge of the matter told CNN on Monday.",http://rss.cnn.com/rss/cnn_topstories.rss,"Tue, 18 Apr 2023 00:27:07 GMT",Others
"A 13-year-old dies after participating in a Benadryl TikTok 'challenge'","A 13-year-old in Ohio has died after ""he took a bunch of Benadryl,"" trying a dangerous TikTok challenge that's circulating online, according to a CNN affiliate and a GoFundMe account from his family.",http://rss.cnn.com/rss/cnn_topstories.rss,"Wed, 19 Apr 2023 15:01:06 GMT",Others
"See pizza delivery guy take out suspect fleeing police","Pizza guy delivers more than a pie, taking out a fleeing suspect. CNN's Jeanne Moos shows him putting his best foot forward.",http://rss.cnn.com/rss/cnn_topstories.rss,"Tue, 18 Apr 2023 16:40:22 GMT",Others
"Netflix is winding down its DVD business after 25 years","Netflix is officially winding down the business that helped make it a household name.",http://rss.cnn.com/rss/cnn_topstories.rss,"Tue, 18 Apr 2023 20:10:51 GMT",Others
"FTC chair Lina Khan warns AI could 'turbocharge' fraud and scams","Artificial intelligence tools such as ChatGPT could lead to a ""turbocharging"" of consumer harms including fraud and scams, and the US government has substantial authority to crack down on AI-driven consumer harms under existing law, members of the Federal Trade Commission said Tuesday.",http://rss.cnn.com/rss/cnn_topstories.rss,"Tue, 18 Apr 2023 17:59:38 GMT",Others
"Eating too much of these foods is driving the rise in type 2 diabetes, study says","Gobbling up too many refined wheat and rice products, along with eating too few whole grains, is fueling the growth of new cases of type 2 diabetes worldwide, according to a new study that models data through 2018.",http://rss.cnn.com/rss/cnn_topstories.rss,"Mon, 17 Apr 2023 16:02:46 GMT",Others
"ADHD medication abuse in schools is a 'wake-up call'","At some middle and high schools in the United States, 1 in 4 teens report they've abused prescription stimulants for attention deficit hyperactivity disorder during the year prior, a new study found.",http://rss.cnn.com/rss/cnn_topstories.rss,"Tue, 25 Apr 2023 17:44:36 GMT",Others
"Apple CEO was presented with an original Macintosh. See his reaction","CEO Tim Cook personally welcomed customers to the new Apple store in Mumbai as the tech company opens its first retail stores in India. CNN's Vedika Sud reports.",http://rss.cnn.com/rss/cnn_topstories.rss,"Tue, 18 Apr 2023 09:17:25 GMT",Others
"Democrats bash Justice Clarence Thomas but their plan to investigate ethics allegations is unclear","Senate Democrats railed against Justice Clarence Thomas on Tuesday amid reports that the Supreme Court conservative failed to disclose luxury travel, gifts and a real estate transaction involving a GOP megadonor, but their plan to investigate the conservative jurist remains unclear.",http://rss.cnn.com/rss/cnn_topstories.rss,"Tue, 18 Apr 2023 20:29:46 GMT",Others
"Russia is 'going backwards' in equipment and deploying post WWII-era tanks, according to Western officials","‚Ä¢ Jailed Wall Street Journal reporter Evan Gershkovich denied detention appeal in Moscow
‚Ä¢ Putin visits Russian troops at military headquarters in Kherson
‚Ä¢ Watch moment WSJ journalist appears in Russian court",http://rss.cnn.com/rss/cnn_topstories.rss,"",Others
"Two Russians claiming to be former Wagner commanders admit killing children and civilians in Ukraine","Two Russian men who claim to be former Wagner Group commanders have told a human rights activist that they killed children and civilians during their time in Ukraine.",http://rss.cnn.com/rss/cnn_topstories.rss,"Tue, 18 Apr 2023 19:07:52 GMT",Others
"'My stomach is hurting from laughing': Hear panelist's reaction to DeSantis' threat to Disney","CNN panelists react to Florida Gov. Ron DeSantis floating the idea of building a competing theme park next to Disney World in Orlando.",http://rss.cnn.com/rss/cnn_topstories.rss,"Tue, 18 Apr 2023 03:24:56 GMT",Others
"GOP prepared to block vote to replace Feinstein on Senate Judiciary","Senate Majority Leader Chuck Schumer said on Tuesday that he hopes to replace Democratic Sen. Dianne Feinstein on the Senate Judiciary Committee with Sen. Ben Cardin of Maryland and aims to set up a floor vote on the issue this afternoon, which Republicans are expected to block.",http://rss.cnn.com/rss/cnn_topstories.rss,"Tue, 18 Apr 2023 22:03:13 GMT",Others
"Oklahoma governor calls on officials to resign over recording of racist and threatening remarks","",http://rss.cnn.com/rss/cnn_topstories.rss,"Tue, 18 Apr 2023 17:33:17 GMT",Others
"McCarthy slams Biden in handling of US debt","House Speaker Kevin McCarthy traveled to Wall Street on Monday to deliver a fresh warning that the House GOP majority will refuse to lift a cap on government borrowing unless Biden agrees to spending cuts that would effectively neutralize his domestic agenda.",http://rss.cnn.com/rss/cnn_topstories.rss,"Tue, 18 Apr 2023 22:03:01 GMT",Others
"US warns Russia not to touch American nuclear technology at Ukrainian nuclear plant","The US has sensitive nuclear technology at a nuclear power plant inside Ukraine and is warning Russia not to touch it, according to a letter the US Department of Energy sent to Russia's state-owned nuclear energy firm Rosatom last month.",http://rss.cnn.com/rss/cnn_topstories.rss,"Wed, 19 Apr 2023 08:35:33 GMT",Others
"Repeated gunshots fired on live TV as ex-lawmaker shot by assassins","Atiq Ahmed, a former lawmaker in India's parliament, convicted of kidnapping, was shot dead along with his brother while police were escorting them for a medical check-up in a slaying caught on live television on Saturday. CNN's Vedika Sud reports.",http://rss.cnn.com/rss/cnn_topstories.rss,"Tue, 18 Apr 2023 09:41:42 GMT",Others
"FDA clears the way for additional bivalent boosters for certain vulnerable individuals","The U.S. Food and Drug Administration amended the terms of its emergency use authorizations for the Pfizer and Moderna bivalent vaccines on Tuesday, allowing people ages 65 and older and certain people with weakened immunity to get additional doses before this fall's vaccination campaigns.",http://rss.cnn.com/rss/cnn_topstories.rss,"Tue, 18 Apr 2023 15:09:15 GMT",Others
"Maine authorities detained a person of interest after 4 people were found dead in a home and 3 others shot while driving","Maine authorities have detained a person of interest and continue to investigate after two shooting incidents that appear to be connected left at least four people dead and three others injured, state police said.",http://rss.cnn.com/rss/cnn_topstories.rss,"Wed, 19 Apr 2023 01:49:51 GMT",Others
"Southwest says flights resumed after delays caused by 'tech issues'","‚Ä¢ Delta Air Lines reports record bookings for summer travel
‚Ä¢ Air France and Airbus acquitted in trial over 2009 plane crash",http://rss.cnn.com/rss/cnn_topstories.rss,"Tue, 18 Apr 2023 17:15:29 GMT",Others
"Damar Hamlin cleared to resume football activities after January cardiac arrest","Buffalo Bills safety Damar Hamlin, who has been cleared to resume football activities, said Tuesday his cardiac arrest during an NFL game in January was caused by commotio cordis.",http://rss.cnn.com/rss/cnn_topstories.rss,"Tue, 18 Apr 2023 22:11:37 GMT",Others
"Pilot makes history after landing on top of a 56-story hotel","Polish pilot Lukasz Czepiela made history after landing a plane on a helipad at the top of a 56-story hotel in Dubai.",http://rss.cnn.com/rss/cnn_topstories.rss,"Sun, 19 Mar 2023 11:22:30 GMT",Others
"Top US Navy admiral defends non-binary sailor amid some Republican criticism","The top US Navy admiral ardently defended a non-binary sailor on Tuesday amid some criticism from Republican lawmakers, saying he is ""particularly proud of this sailor.""",http://rss.cnn.com/rss/cnn_topstories.rss,"Tue, 18 Apr 2023 19:56:40 GMT",Others
"Fulton County DA says fake Trump electors are incriminating one another and wants lawyer disqualified","The Fulton County District Attorney's office said some fake electors for Donald Trump have implicated each other in potential criminal activity and is seeking to disqualify their lawyer, according to a new court filing.",http://rss.cnn.com/rss/cnn_topstories.rss,"Wed, 19 Apr 2023 15:31:24 GMT",Others
"High speed trains are racing across the world. But not in America","High speed trains have proved their worth across the world over the past 50 years.",http://rss.cnn.com/rss/cnn_topstories.rss,"Wed, 19 Apr 2023 02:39:40 GMT",Others
"Podcast: One country musician is calling for other artists to oppose assault rifles","",http://rss.cnn.com/rss/cnn_topstories.rss,"",Others
"Here's what you need to know if you haven't filed your return yet ‚Äî and even if you have","It's April 18, the official deadline to file your federal and state income tax returns for 2022. (It is also, apparently, National Animal Crackers Day for those who celebrate.)",http://rss.cnn.com/rss/cnn_topstories.rss,"Tue, 18 Apr 2023 14:15:43 GMT",Others
"Undocumented immigrants are paying their taxes today, too","It's a surprising fact that's often overlooked in the immigration debate.",http://rss.cnn.com/rss/cnn_topstories.rss,"Tue, 18 Apr 2023 18:29:24 GMT",Others
"Opinion: Why millionaires like us want to pay more in taxes","Tuesday is Tax Day in America, one of the most stressful days of the year, when many taxpayers will finally end their procrastination, file their federal returns, and hope for a refund from the IRS. But for many of the nation's wealthiest, it's just another Tuesday.",http://rss.cnn.com/rss/cnn_topstories.rss,"Mon, 17 Apr 2023 19:32:49 GMT",Others
"'World's longest' purpose-built cycling tunnel opens in Norway","There are many ways to explore the seven mountains that surround the picturesque UNESCO World Heritage city of Bergen on Norway's fjord-studded west coast. The newest, however, might well be record-breaking.",http://rss.cnn.com/rss/cnn_topstories.rss,"Tue, 18 Apr 2023 10:44:27 GMT",Others
"Artist rejects photo prize after AI-generated image wins award","A German artist has rejected an award from a prestigious international photography competition after revealing that his submission was generated by Artificial Intelligence (AI).",http://rss.cnn.com/rss/cnn_topstories.rss,"Tue, 18 Apr 2023 15:27:54 GMT",Others
"These ships disappeared in Lake Superior a century ago. Watch as they're found again","The Great Lakes Shipwreck Historical Society has found two of three ships that sank in the same Lake Superior storm more than a century ago, locating one in 2021 and the other in 2022.",http://rss.cnn.com/rss/cnn_topstories.rss,"Tue, 18 Apr 2023 19:29:01 GMT",Others
"Erotic images of seniors show sex and intimacy in new light","What does intimacy look like for seniors? There's no end to sex scenes and other steamy content featuring the young and unwrinkled, but past a certain age, popular culture largely draws a blank ‚Äî or treats sex as a punchline.",http://rss.cnn.com/rss/cnn_topstories.rss,"Tue, 18 Apr 2023 03:24:57 GMT",Others
"China's economy is off to a solid start, rising 4.5% in Q1 2023","China's economy is off to a solid start in 2023 following its emergence from three years of strict pandemic restrictions.",http://rss.cnn.com/rss/cnn_topstories.rss,"Tue, 18 Apr 2023 07:01:12 GMT",Others
"Even when wives make as much as husbands, they still do more at home","‚Ä¢ Four out of the five US metro areas with the lowest unemployment are in Florida. Here's why
‚Ä¢ Opinion: The overlooked problem with raising the retirement age for Social Security",http://rss.cnn.com/rss/cnn_topstories.rss,"Sun, 16 Apr 2023 17:29:49 GMT",Others
"McDonald's is upgrading its burgers","McDonald's, which has been focusing on upgrading its core items to boost sales, is rolling out a series of changes designed to improve its signature burgers.",http://rss.cnn.com/rss/cnn_topstories.rss,"Mon, 17 Apr 2023 16:31:30 GMT",Others
"Google-parent stock drops on fears it could lose search market share to AI-powered rivals","Shares of Google-parent Alphabet fell more than 3% in early trading Monday after a report sparked concerns that its core search engine could lose market share to AI-powered rivals, including Microsoft's Bing.",http://rss.cnn.com/rss/cnn_topstories.rss,"Mon, 17 Apr 2023 15:52:19 GMT",Others
"Bidets save you money and reduce waste ‚Äî we tested the best options out there","",http://rss.cnn.com/rss/cnn_topstories.rss,"",Others
"50+ products to make your life easier and our planet cleaner","",http://rss.cnn.com/rss/cnn_topstories.rss,"",Others
"Mother's Day is around the corner. Here are 50+ thoughtful gifts she'll love","",http://rss.cnn.com/rss/cnn_topstories.rss,"",Others
"A head-to-toe guide of how men should dress this spring, and where they should shop","",http://rss.cnn.com/rss/cnn_topstories.rss,"",Others
"42 of the most useful travel products you can buy on Amazon","",http://rss.cnn.com/rss/cnn_topstories.rss,"",Others
"The 7 best high-yield savings accounts of April 2023","",http://rss.cnn.com/rss/cnn_topstories.rss,"",Others
"Taxes are due tomorrow. Here's how to file for an extension","",http://rss.cnn.com/rss/cnn_topstories.rss,"",Others
"Composting is an easy way to reduce food waste. Here's how to do it","",http://rss.cnn.com/rss/cnn_topstories.rss,"",Others
"We stopped using aluminum foil for cooking and you should too. Here's what to use instead","",http://rss.cnn.com/rss/cnn_topstories.rss,"",Others
"The beloved Dyson Supersonic hair dryer is at its lowest price ever","",http://rss.cnn.com/rss/cnn_topstories.rss,"",Others
"Everything you need to know about Way Day 2023, Wayfair's biggest sale of the year","",http://rss.cnn.com/rss/cnn_topstories.rss,"",Others
"The 10 best Amazon deals to shop this week","",http://rss.cnn.com/rss/cnn_topstories.rss,"",Others
"Mifepristone saved my life","The ruling earlier this month by a Texas federal judge to suspend the US Food and Drug Administration's approval of a drug that is used frequently for medication abortions, is very personal for me.",http://rss.cnn.com/rss/cnn_topstories.rss,"Tue, 18 Apr 2023 11:30:00 GMT",Others
"The 2024 presidential alternative many voters will want","",http://rss.cnn.com/rss/cnn_topstories.rss,"",Others
"Why isn't the House Judiciary Committee looking into Thomas?","On Monday, the GOP-controlled House Judiciary Committee ‚Äî chaired by Donald Trump ally Rep. Jim Jordan ‚Äî is set to hold a field hearing in New York City called ""Victims of Violent Crime in Manhattan."" A statement bills the hearing as an examination of how, the Judiciary Committee says, Manhattan District Attorney Alvin Bragg's policies have ""led to an increase in violent crime and a dangerous community for New York City residents.""",http://rss.cnn.com/rss/cnn_topstories.rss,"Mon, 17 Apr 2023 11:37:37 GMT",Others
"Top secrets come spilling out","In 1917, British analysts deciphered a coded message the German foreign minister sent to one of his country's diplomats vowing to begin ""unrestricted submarine warfare"" and seeking to win over Mexico with a promise to ""reconquer the lost territory in Texas, New Mexico and Arizona"" if the US entered the world war. When it became public, the Zimmerman Telegram caused a sensation, helping propel the US into the conflict against Germany.",http://rss.cnn.com/rss/cnn_topstories.rss,"Sun, 16 Apr 2023 11:22:36 GMT",Others
"How did Sudan go from casting off despotic rule to this?","Four years ago, almost to the day, the people of Sudan were celebrating a revolution after overthrowing longtime dictator Omar al-Bashir. Now the East African country faces the possibility of a complete collapse similar to the chaos we see today in Yemen or Libya.",http://rss.cnn.com/rss/cnn_topstories.rss,"Mon, 17 Apr 2023 22:45:23 GMT",Others
"Michelle Yeoh set to return in new 'Star Trek' movie","Live long and prosper, Michelle Yeoh.",http://rss.cnn.com/rss/cnn_topstories.rss,"Tue, 18 Apr 2023 19:11:23 GMT",Others
"Recap: 'Succession' finds dark humor in the aftershocks","After the shock came the aftershocks, the power vacuum, and perhaps most significantly and impressively, the laughs, as ""Succession"" pivoted to face life after Logan Roy, in an episode that finally put the HBO show's title into full flower.",http://rss.cnn.com/rss/cnn_topstories.rss,"Mon, 17 Apr 2023 02:28:12 GMT",Others
"'Yellowjackets' leans hard into '90s music nostalgia, and we're here for it","Of the many dark gifts Showtime's eerie hit series ""Yellowjackets"" serves up for us, the juiciest this season is by far the music.",http://rss.cnn.com/rss/cnn_topstories.rss,"Mon, 01 May 2023 23:02:04 GMT",Others
"Jeremy Renner revisits 'the amazing group of people' who helped him recover from his accident","Jeremy Renner is continuing his recovery after his devastating snowplow accident in January, and recognizing those who've helped him along the way.",http://rss.cnn.com/rss/cnn_topstories.rss,"Sun, 16 Apr 2023 19:04:10 GMT",Others
"Review: 'Barry' takes a whack at its farewell season","""Barry"" has taken chances from the very beginning, which is certainly true of a fourth and final season that picks up where the third left off, with its hitman-turned-wannabe actor getting arrested. That paves the way for an even darker season that accentuates the show's ensemble aspect while leaning a little too heavily on blurring lines with flights of fancy.",http://rss.cnn.com/rss/cnn_topstories.rss,"Fri, 14 Apr 2023 12:33:08 GMT",Others
"Elon Musk says his brain chip company Neuralink actually put one in a human","<img class=""type:primaryImage"" src=""https://i.kinja-img.com/image/upload/c_fit,q_80,w_636/d9439533bf0deee9605a1a5469d2d4f7.jpg"" /><p>Elon Musk says that the first person has received a neural implant from his controversial brain chip startup Neuralink. Musk revealed the information in a tweet posted on his social media platform, X (formerly Twitter). The tweet reads merely:</p><p><a href=""https://qz.com/elon-musk-neuralink-brain-chip-first-human-1851208371"">Read more...</a></p>",http://qz.com/feed,"Tue, 30 Jan 2024 12:48:00 GMT",Others
"Hong Kong wants to make everything a 'state secret' ‚Äî an echo of Beijing","<img class=""type:primaryImage"" src=""https://i.kinja-img.com/image/upload/c_fit,q_80,w_636/b071073e6deb9d7254b964ac9f461f3d.jpg"" /><p>Three-and-a-half years after <a class=""sc-1out364-0 dPMosf sc-145m8ut-0 lcFFec js_link"" href=""https://qz.com/1875863/hong-kong-national-security-law-covers-everyone-on-earth"" rel=""noopener noreferrer"" target=""_blank"">sweeping, Beijing-imposed national security legislation</a> took effect in Hong Kong, <a class=""sc-1out364-0 dPMosf sc-145m8ut-0 lcFFec js_link"" href=""https://qz.com/2012306/hong-kong-now-has-a-massive-national-security-complex"" rel=""noopener noreferrer"" target=""_blank"">remaking the city</a> in the <a class=""sc-1out364-0 dPMosf sc-145m8ut-0 lcFFec js_link"" href=""https://qz.com/1942410/chinas-authoritarian-language-is-taking-over-hong-kong"" rel=""noopener noreferrer"" target=""_blank"">authoritarian mold</a> of its sovereign mainland master, the local government on Tuesday <a class=""sc-1out364-0 dPMosf sc-145m8ut-0 lcFFec js_link"" href=""https://qz.com/hong-kong-begins-work-on-its-own-national-security-law-1851207908"" rel=""noopener noreferrer"" target=""_blank"">unveiled details for a new security law</a>. </p><p><a href=""https://qz.com/hong-kong-security-law-china-state-secrets-1851208284"">Read more...</a></p>",http://qz.com/feed,"Tue, 30 Jan 2024 12:11:00 GMT",Others
"Elon Musk just lost his spot as the richest person in the world","<img class=""type:primaryImage"" src=""https://i.kinja-img.com/image/upload/c_fit,q_80,w_636/0765d68f48bc1f14ea4456b2811e01df.jpg"" /><p>[<a class=""sc-1out364-0 dPMosf sc-145m8ut-0 lcFFec js_link"" href=""https://qz.com/elon-musk-bernard-arnault-worlds-richest-person-1851207288"" rel=""noopener noreferrer"" target=""_blank"">Update: Elon Musk and Bernard Arnault keep taking turns as the world‚Äôs richest person</a>]</p><p><a href=""https://qz.com/elon-musk-tesla-bernard-arnault-lvmh-billionaires-1851206350"">Read more...</a></p>",http://qz.com/feed,"Tue, 30 Jan 2024 12:00:03 GMT",Others
"Nvidia‚Äôs biggest customers are also the AI chip maker‚Äôs biggest threat","<img class=""type:primaryImage"" src=""https://i.kinja-img.com/image/upload/c_fit,q_80,w_636/af7edffb0d68e1ea452feb1ae8025f1a.jpg"" /><p>Nvidia‚Äîwhich roughly translates to ‚Äúenvy‚Äù in Latin‚Äîhas been having its <a class=""sc-1out364-0 dPMosf sc-145m8ut-0 lcFFec js_link"" href=""https://qz.com/a-40-000-nvidia-chip-has-become-the-worlds-most-sought-1850746956"" rel=""noopener noreferrer"" target=""_blank"">AI moment</a>. The chip maker‚Äôs stock is up almost 30% year-to-date, closing at $624.65 on Monday.</p><p><a href=""https://qz.com/nvidia-generative-ai-google-microsoft-meta-1851206854"">Read more...</a></p>",http://qz.com/feed,"Tue, 30 Jan 2024 10:00:00 GMT",Others
"The 34 most powerful passports in the world, ranked","<img class=""type:primaryImage"" src=""https://i.kinja-img.com/image/upload/c_fit,q_80,w_636/b45cde5e05181795d129acd6e011622e.jpg"" /><p>The <a class=""sc-1out364-0 dPMosf sc-145m8ut-0 lcFFec js_link"" href=""https://qz.com/most-powerful-passports-2024-world-rankings-1851177985"" rel=""noopener noreferrer"" target=""_blank"">list of the most powerful passports in the world</a>, compiled by consultancy firm Henley & Partners, is all about global mobility‚Äîwhere the holder of the passport can travel without a visa.</p><p><a href=""https://qz.com/most-powerful-passports-2024-rankings-1851207317"">Read more...</a></p>",http://qz.com/feed,"Tue, 30 Jan 2024 10:00:00 GMT",Others
"Elon Musk and Bernard Arnault keep taking turns as the world's richest person","<img class=""type:primaryImage"" src=""https://i.kinja-img.com/image/upload/c_fit,q_80,w_636/0a5ff93a0b6fb3aadfc1ceb19ae8a6ab.png"" /><p>The richest person in the world depended on who you asked on Monday ‚Äî and when you asked.<a class=""sc-1out364-0 dPMosf sc-145m8ut-0 lcFFec js_link"" href=""https://www.bloomberg.com/billionaires/"" rel=""noopener noreferrer"" target=""_blank"">Bloomberg</a> said <a class=""sc-1out364-0 dPMosf sc-145m8ut-0 lcFFec js_link"" href=""https://qz.com/elon-musk-jeff-bezos-world-richest-person-tesla-stock-1851205323"" rel=""noopener noreferrer"" target=""_blank"">Elon Musk</a> on Monday morning; <a class=""sc-1out364-0 dPMosf sc-145m8ut-0 lcFFec js_link"" href=""https://www.forbes.com/real-time-billionaires/#692b684f3d78"" rel=""noopener noreferrer"" target=""_blank"">Forbes</a> said <a class=""sc-1out364-0 dPMosf sc-145m8ut-0 lcFFec js_link"" href=""https://qz.com/elon-musk-tesla-bernard-arnault-lvmh-billionaires-1851206350"" rel=""noopener noreferrer"" target=""_blank"">Bernard Arnault</a>.<br /></p><p><a href=""https://qz.com/elon-musk-bernard-arnault-worlds-richest-person-1851207288"">Read more...</a></p>",http://qz.com/feed,"Mon, 29 Jan 2024 22:31:00 GMT",Others
"Taylor Swift AI deepfakes took over the Internet. Here's what to know","<img class=""type:primaryImage"" src=""https://i.kinja-img.com/image/upload/c_fit,q_80,w_636/bc651d4eba8a323242b69d60ca1fdd23.jpg"" /><p>Last week, explicit AI-generated photos of Taylor Swift flooded X, marking the latest high-profile <a class=""sc-1out364-0 dPMosf sc-145m8ut-0 lcFFec js_link"" href=""https://qz.com/2123102/can-deepfakes-be-ethical"" rel=""noopener noreferrer"" target=""_blank"">deepfakes</a> and highlighting the <a class=""sc-1out364-0 dPMosf sc-145m8ut-0 lcFFec js_link"" href=""https://qz.com/google-is-moving-faster-than-us-regulators-to-get-deepf-1850818670"" rel=""noopener noreferrer"" target=""_blank"">challenge of stopping them</a>.</p><p><a href=""https://qz.com/taylor-swift-ai-porn-deepfakes-1851205275"">Read more...</a></p>",http://qz.com/feed,"Mon, 29 Jan 2024 20:50:00 GMT","Natural Disasters"
"Walmart store managers are getting new stock perks","<img class=""type:primaryImage"" src=""https://i.kinja-img.com/image/upload/c_fit,q_80,w_636/27c4bedfa4a24bb0d0669e9f37845d59.jpg"" /><p>Walmart managers have a new reason to be cheerful. </p><p><a href=""https://qz.com/walmart-stock-grants-managers-bonuses-1851205728"">Read more...</a></p>",http://qz.com/feed,"Mon, 29 Jan 2024 19:19:00 GMT",Others
"Tesla dropped diversity language from its annual report ‚Äî just before Black History Month","<img class=""type:primaryImage"" src=""https://i.kinja-img.com/image/upload/c_fit,q_80,w_636/dc02e1ca86b8b9e2034c2a4c8c5e6a7a.jpg"" /><p>Tesla‚Äôs <a class=""sc-1out364-0 dPMosf sc-145m8ut-0 lcFFec js_link"" href=""https://www.sec.gov/Archives/edgar/data/1318605/000162828024002390/tsla-20231231.htm#i605b1b87e9dd4fc1a8af0ddafef749a2_43"" rel=""noopener noreferrer"" target=""_blank"">annual shareholder report is out</a>. It includes a bunch of growing numbers: Almost $100 billion in revenue, more than 1.8 million cars delivered to customers, more than 140,000 employees. But one thing that isn‚Äôt increasing in size, just ahead of Black History Month in February, is the ‚ÄúHuman Capital Resources‚Äù‚Ä¶</p><p><a href=""https://qz.com/tesla-diversity-black-history-month-1851205735"">Read more...</a></p>",http://qz.com/feed,"Mon, 29 Jan 2024 18:54:00 GMT",Others
"China‚Äôs lead over the US in chip startup funding is bigger than ever","<img class=""type:primaryImage"" src=""https://i.kinja-img.com/image/upload/c_fit,q_80,w_636/1f95efe8cc73775bc76a8421d5d89f20.jpg"" /><p>When it comes to venture capital for <a class=""sc-1out364-0 dPMosf sc-145m8ut-0 lcFFec js_link"" href=""https://qz.com/you-can-now-become-a-semiconductor-technician-in-just-1-1850479047"" rel=""noopener noreferrer"" target=""_blank"">computer chips</a>, the gap between <a class=""sc-1out364-0 dPMosf sc-145m8ut-0 lcFFec js_link"" href=""https://qz.com/biden-administration-says-new-hampshire-computer-chip-p-1851088733"" rel=""noopener noreferrer"" target=""_blank"">the US</a> and China has never been wider.</p><p><a href=""https://qz.com/semiconductor-ai-chips-venture-capital-funding-nvidia-s-1851205542"">Read more...</a></p>",http://qz.com/feed,"Mon, 29 Jan 2024 18:08:07 GMT",Others
"Ryanair's CEO, a huge Boeing customer and hater, thinks the planes are fine","<img class=""type:primaryImage"" src=""https://i.kinja-img.com/image/upload/c_fit,q_80,w_636/d2e1d5cb76587bbf9dee4aefba845121.jpg"" /><p>Ordinarily, a plane‚Äôs doors coming off mid-flight is the kind of event that shakes the confidence of airline CEOs, who need customers to feel safe in order to make money. But Ryanair CEO Michael O‚ÄôLeary thinks Boeing‚Äôs issues with its 737 Max 9 aircraft are a temporary problem.<br /></p><p><a href=""https://qz.com/boeing-aircraft-737max9-ryanair-1851205461"">Read more...</a></p>",http://qz.com/feed,"Mon, 29 Jan 2024 17:28:49 GMT",Others
"Elon Musk is losing so much money that Jeff Bezos could beat him in the billionaires' race","<img class=""type:primaryImage"" src=""https://i.kinja-img.com/image/upload/c_fit,q_80,w_636/2f9cd9c18f255d2df990c030a737c190.jpg"" /><p>Elon Musk already holds the world record for losing the most money, and the Tesla CEO has lost another $30.5 billion in the first month of 2024. At the same time, his rival in wealth, Amazon founder <a class=""sc-1out364-0 dPMosf sc-145m8ut-0 lcFFec js_link"" href=""https://qz.com/amazon-bezos-seattle-miami-move-billionaire-bunker-1850989064"" rel=""noopener noreferrer"" target=""_blank"">Jeff Bezos</a>, has gained $7.3 billion.<br /></p><p><a href=""https://qz.com/elon-musk-jeff-bezos-world-richest-person-tesla-stock-1851205323"">Read more...</a></p>",http://qz.com/feed,"Mon, 29 Jan 2024 16:18:00 GMT",Others
"From AI girlfriend chatbots to Jesus: The weirdest of OpenAI's GPT Store","<img class=""type:primaryImage"" src=""https://i.kinja-img.com/image/upload/c_fit,q_80,w_636/3e16775691e9401f414312256d7cad74.png"" /><p>After months of waiting, <a class=""sc-1out364-0 dPMosf sc-145m8ut-0 lcFFec js_link"" href=""https://gizmodo.com/feds-launch-inquiry-openai-microsoft-google-amazon-1851198021"">OpenAI</a> finally <a class=""sc-1out364-0 dPMosf sc-145m8ut-0 lcFFec js_link"" href=""https://gizmodo.com/openai-gpt-store-marketplace-ai-chatbots-sam-altman-1851155831"">launched its GPT Store</a>, where paying subscribers can now access a library of custom AI chatbots. The store promotes some <a class=""sc-1out364-0 dPMosf sc-145m8ut-0 lcFFec js_link"" href=""https://gizmodo.com/the-best-of-openai-s-new-gpts-ranked-1851031215"">practical, helpful AI tools</a> up front, but there are some deeply strange GPTs lurking in corners of the store. Gizmodo ventured into those dark, musty corners‚Ä¶</p><p><a href=""https://qz.com/openai-gpt-store-chatbots-1851204964"">Read more...</a></p>",http://qz.com/feed,"Mon, 29 Jan 2024 15:28:58 GMT",Others
"How McDonald‚Äôs powers America's economy","<img class=""type:primaryImage"" src=""https://i.kinja-img.com/image/upload/c_fit,q_80,w_636/32765b9660480599bf4c17fe5d936fdd.jpg"" /><p>What keeps the wheels of the economy turning? Is it fair trade and consumer spending? No, just a whole lot of burger grease. A new report from Oxford Economics details the ways in which <a class=""sc-1out364-0 dPMosf sc-145m8ut-0 lcFFec js_link"" href=""https://www.mcdeconomicimpact.com/_files/ugd/5b5559_3ddfa8b8f2da4c0291b567f987153c60.pdf"" rel=""noopener noreferrer"" target=""_blank"">McDonald‚Äôs  impacts the U.S. economy</a>, contributing as much $108 billion to the country‚Äôs gross domestic product each year.<br /></p><p><a href=""https://qz.com/mcdonalds-economy-impact-1851204982"">Read more...</a></p>",http://qz.com/feed,"Mon, 29 Jan 2024 13:02:00 GMT",Others
"Amazon Prime Video just got ads ‚Äî and it's the end of a streaming era","<img class=""type:primaryImage"" src=""https://i.kinja-img.com/image/upload/c_fit,q_80,w_636/bccdb7752e310306bf4872884012f48c.jpg"" /><p>Ad-free streaming services are officially a thing of the past. Amazon injected Prime Video‚Äôs <a class=""sc-1out364-0 dPMosf sc-145m8ut-0 lcFFec js_link"" href=""https://gizmodo.com/amazon-will-inject-ads-into-prime-video-starting-jan-2-1851125031"">movies and TV shows with ads</a> on Monday. The company is asking users to pay an additional <a class=""sc-1out364-0 dPMosf sc-145m8ut-0 lcFFec js_link"" href=""https://gizmodo.com/amazon-prime-video-will-get-ads-unless-you-pay-more-1850864312"">$3 a month</a> to keep Prime Video ad-free, on top of the $139 a year members already pay for Amazon Prime.</p><p><a href=""https://qz.com/amazon-prime-video-ads-streaming-1851204957"">Read more...</a></p>",http://qz.com/feed,"Mon, 29 Jan 2024 12:50:42 GMT",Others
"T.J. Maxx and thrift stores are siphoning shoppers from full-price rivals","<img class=""type:primaryImage"" src=""https://i.kinja-img.com/image/upload/c_fit,q_80,w_636/2b0e0505e13e76a4a66c7ea9a7121c40.jpg"" /><p>Stop me if you‚Äôve heard this one before: A shopper, a wallet, and a credit card walk into a store‚Ä¶ Increasingly, though, they‚Äôre not walking into a store where they have to pay the price that‚Äôs on the tag.</p><p><a href=""https://qz.com/t-j-maxx-and-thrift-stores-are-siphoning-shoppers-from-1851202451"">Read more...</a></p>",http://qz.com/feed,"Mon, 29 Jan 2024 10:00:00 GMT",Others
"New York is lapping San Francisco in the return-to-office race","<img class=""type:primaryImage"" src=""https://i.kinja-img.com/image/upload/c_fit,q_80,w_636/2d05801dfd6406f66ba077ca660056d6.jpg"" /><p>The Big Apple has more successfully brought its workers back to the office than other major US cities‚Äîespecially San Francisco.<br /></p><p><a href=""https://qz.com/new-york-san-francisco-return-to-office-1851201948"">Read more...</a></p>",http://qz.com/feed,"Sun, 28 Jan 2024 10:00:00 GMT",Others
"AI girlfriend chatbots won't last","<img class=""type:primaryImage"" src=""https://i.kinja-img.com/image/upload/c_fit,q_80,w_636/7532a116eed8ae00b36baa1e331c3ba2.jpg"" /><p>Relationship <a class=""sc-1out364-0 dPMosf sc-145m8ut-0 lcFFec js_link"" href=""https://qz.com/more-than-2-500-apps-launched-in-2023-with-chatbot-in-1851153054"" rel=""noopener noreferrer"" target=""_blank"">chatbots</a> are all the rage right now. Just look at the plethora of <a class=""sc-1out364-0 dPMosf sc-145m8ut-0 lcFFec js_link"" href=""https://qz.com/ai-girlfriend-bots-are-already-flooding-openai-s-gpt-st-1851159131"" rel=""noopener noreferrer"" target=""_blank"">AI girlfriend bots that quickly flooded OpenAI‚Äôs GPT store</a> after it launched earlier this month‚Äîeven though they seemed to violate the new store‚Äôs rules.</p><p><a href=""https://qz.com/ai-girlfriend-chatbots-openai-gpt-store-relationships-1851198193"">Read more...</a></p>",http://qz.com/feed,"Sat, 27 Jan 2024 10:00:00 GMT","Natural Disasters"
"Weekend Tech Innovation Roundup January 27, 2024","<img class=""type:primaryImage"" src=""https://i.kinja-img.com/image/upload/c_fit,q_80,w_636/4611ae84e32bc161fb91376c38884269.jpg"" /><p>Fears of robots taking over people‚Äôs jobs have been a recurring theme <a class=""sc-1out364-0 dPMosf sc-145m8ut-0 lcFFec js_link"" href=""https://qz.com/1681832/the-history-of-the-future-of-work#:~:text=Today%20many%20worry%20that%20strides,supposedly%20denied%20a%20patent%20to"" rel=""noopener noreferrer"" target=""_blank"">for centuries</a>, and with recent advancements in AI, the <a class=""sc-1out364-0 dPMosf sc-145m8ut-0 lcFFec js_link"" href=""https://www.bbc.com/worklife/article/20230418-ai-anxiety-artificial-intelligence-replace-jobs"" rel=""noopener noreferrer"" target=""_blank"">anxiety has resurfaced</a>. But fear not, humans! A <a class=""sc-1out364-0 dPMosf sc-145m8ut-0 lcFFec js_link"" href=""https://www.bloomberg.com/news/articles/2024-01-22/humans-still-cheaper-than-ai-in-vast-majority-of-jobs-mit-finds?sref=P6Q0mxvj"" rel=""noopener noreferrer"" target=""_blank"">new study </a>from the Massachusetts Institute of Technology (MIT) offers a reassuring perspective: most jobs are currently too expensive to automate‚Ä¶</p><p><a href=""https://qz.com/weekend-tech-innovation-roundup-january-27-2024-1851201024"">Read more...</a></p>",http://qz.com/feed,"Sat, 27 Jan 2024 09:00:00 GMT",Others
"Weekend Money Markets Roundup January 27, 2024","<img class=""type:primaryImage"" src=""https://i.kinja-img.com/image/upload/c_fit,q_80,w_636/e092f8d68ef4c43063c0cdff9362524b.jpg"" /><p>There was a whole lot of excitement around the prospect of exchange-traded bitcoin funds a couple weeks ago, when the US Securities and Exchange Commission announced that it had <a class=""sc-1out364-0 dPMosf sc-145m8ut-0 lcFFec js_link"" href=""https://qz.com/first-bitcoin-exchange-traded-funds-are-cleared-by-us-r-1851157071"" rel=""noopener noreferrer"" target=""_blank"">approved use of the investing tool</a>. Someone even <a class=""sc-1out364-0 dPMosf sc-145m8ut-0 lcFFec js_link"" href=""https://www.reuters.com/technology/sec-account-hack-renews-spotlight-xs-security-concerns-2024-01-10/"" rel=""noopener noreferrer"" target=""_blank"">hacked the SEC‚Äôs account on the X social media platform</a> to break the news early! But that‚Ä¶</p><p><a href=""https://qz.com/weekend-money-markets-roundup-january-27-2024-1851201022"">Read more...</a></p>",http://qz.com/feed,"Sat, 27 Jan 2024 09:00:00 GMT",Others
"Weekend Business News Roundup January 27, 2024","<img class=""type:primaryImage"" src=""https://i.kinja-img.com/image/upload/c_fit,q_80,w_636/691653f5045499e4600939c8f7469625.jpg"" /><p>Japan and Singapore enjoyed the shared distinction of <a class=""sc-1out364-0 dPMosf sc-145m8ut-0 lcFFec js_link"" href=""https://qz.com/most-powerful-passports-2023-ranking-1850024908"" rel=""noopener noreferrer"" target=""_blank"">having the most powerful passports in the world</a> since 2019. But they‚Äôre not alone anymore. </p><p><a href=""https://qz.com/weekend-business-news-roundup-january-27-2024-1851201021"">Read more...</a></p>",http://qz.com/feed,"Sat, 27 Jan 2024 09:00:00 GMT",Others
"AmEx members expensed $100 billion at restaurants last year","<img class=""type:primaryImage"" src=""https://i.kinja-img.com/image/upload/c_fit,q_80,w_636/595ce2621cb29cf1368539618fa01843.jpg"" /><p>They might not be flying as much, and they might be a skosh late on their bills, but American Express customers sure do love to eat. For the first time in 2023, they expensed more than $100 billion at restaurants around the world.</p><p><a href=""https://qz.com/amex-members-expensed-100-billion-restaurants-2023-1851202356"">Read more...</a></p>",http://qz.com/feed,"Fri, 26 Jan 2024 21:43:00 GMT",Others
"Big Tech's investments in AI has regulators asking Microsoft, Amazon, and Google some questions","<img class=""type:primaryImage"" src=""https://i.kinja-img.com/image/upload/c_fit,q_80,w_636/a41aaade0aa5e4911d0d248ce34c692a.jpg"" /><p>It was only a matter of time before the US Federal Trade Commission (FTC), which regulates competition, decided to i<a class=""sc-1out364-0 dPMosf sc-145m8ut-0 lcFFec js_link"" href=""https://www.ftc.gov/news-events/news/press-releases/2024/01/ftc-launches-inquiry-generative-ai-investments-partnerships"" rel=""noopener noreferrer"" target=""_blank"">nvestigate big tech‚Äôs partnerships with AI companies</a>. The agency is looking specifically at three separate multi-billion-dollar investments, including Microsoft and OpenAI, Amazon and Anthropic, and‚Ä¶</p><p><a href=""https://qz.com/microsoft-amazon-google-ai-investments-ftc-1851202060"">Read more...</a></p>",http://qz.com/feed,"Fri, 26 Jan 2024 21:40:00 GMT",Others
"Microsoft, Google, Salesforce, and more: 2024 starts with tech layoffs already set to surpass last year","<img class=""type:primaryImage"" src=""https://i.kinja-img.com/image/upload/c_fit,q_80,w_636/cc77853c21f262c97bfa16534d527fde.jpg"" /><p>There have been <a class=""sc-1out364-0 dPMosf sc-145m8ut-0 lcFFec js_link"" href=""https://qz.com/tech-layoffs-might-surpass-2023-1851198088"" rel=""noopener noreferrer"" target=""_blank"">more than 24,000 layoffs in the tech industry</a> in just the first few weeks of 2024. The total number of<a class=""sc-1out364-0 dPMosf sc-145m8ut-0 lcFFec js_link"" href=""https://qz.com/tech-layoffs-might-surpass-2023-1851198088"" rel=""noopener noreferrer"" target=""_blank""> job cuts doubled this week alone</a>, squashing hopes for an end to <a class=""sc-1out364-0 dPMosf sc-145m8ut-0 lcFFec js_link"" href=""https://qz.com/from-overhiring-to-optionality-what-we-can-learn-from-1850267076"" rel=""noopener noreferrer"" target=""_blank"">last year‚Äôs doom and gloom in tech</a>.</p><p><a href=""https://qz.com/google-amazon-apple-tech-layoffs-1851173569"">Read more...</a></p>",http://qz.com/feed,"Fri, 26 Jan 2024 19:37:00 GMT",Others
"Biden's natural gas export pause adds to his mixed climate record","<img class=""type:primaryImage"" src=""https://i.kinja-img.com/image/upload/c_fit,q_80,w_636/7546d060302a99ed037e7c49b0df3970.jpg"" /><p>The Biden Administration is trying to have its cake and eat it too when it comes to fossil fuels and climate policy. The <a class=""sc-1out364-0 dPMosf sc-145m8ut-0 lcFFec js_link"" href=""https://www.whitehouse.gov/briefing-room/statements-releases/2024/01/26/fact-sheet-biden-harris-administration-announces-temporary-pause-on-pending-approvals-of-liquefied-natural-gas-exports/"" rel=""noopener noreferrer"" target=""_blank"">White House announced Friday</a> (Jan. 26) that it was going to pause all pending approvals of natural gas export facility projects, including Calcasieu Pass 2 facility in Louisiana, which would have‚Ä¶</p><p><a href=""https://qz.com/biden-pause-biggest-natural-gas-export-project-1851201347"">Read more...</a></p>",http://qz.com/feed,"Fri, 26 Jan 2024 19:24:00 GMT",Others
"Southwest, American, and Delta are feeling the impacts of Boeing's troubles","<img class=""type:primaryImage"" src=""https://i.kinja-img.com/image/upload/c_fit,q_80,w_636/87927b967b81ee8e61b078c1e5bea263.jpg"" /><p>It‚Äôs not just <a class=""sc-1out364-0 dPMosf sc-145m8ut-0 lcFFec js_link"" href=""https://qz.com/united-airlines-says-its-growth-will-slow-for-years-bec-1851189943"" rel=""noopener noreferrer"" target=""_blank"">United Airlines</a> and Alaska Airlines that were <a class=""sc-1out364-0 dPMosf sc-145m8ut-0 lcFFec js_link"" href=""https://qz.com/737-max-9-united-alaska-return-to-air-1851196101"" rel=""noopener noreferrer"" target=""_blank"">impacted</a> by the <a class=""sc-1out364-0 dPMosf sc-145m8ut-0 lcFFec js_link"" href=""https://qz.com/boeing-737-max-9-alaska-airlines-stock-fallout-1851156730"" rel=""noopener noreferrer"" target=""_blank"">grounding of Boeing‚Äôs 737 Max 9s</a>. Delta, Southwest, and American have taken a gut punch, too.<br /></p><p><a href=""https://qz.com/southwest-american-and-delta-feel-the-impacts-of-boei-1851200829"">Read more...</a></p>",http://qz.com/feed,"Fri, 26 Jan 2024 17:53:00 GMT",Others
"Elon Musk's AI startup is reportedly looking to raise up to $6 billion","<img class=""type:primaryImage"" src=""https://i.kinja-img.com/image/upload/c_fit,q_80,w_636/1e3b0a6c83a146ea9901be5df186961c.jpg"" /><p>Looks like Elon Musk is trying to mount a challenge to OpenAI‚Äîwith some serious funding behind it. His competitor xAI is reportedly in talks to raise up to $6 billion at a proposed valuation of $20 billion, the Financial Times <a class=""sc-1out364-0 dPMosf sc-145m8ut-0 lcFFec js_link"" href=""https://www.ft.com/content/28983bdc-2a38-4103-beae-08d9542ab69d"" rel=""noopener noreferrer"" target=""_blank"">reported on Friday</a> (Jan. 26).<br /></p><p><a href=""https://qz.com/elon-musks-ai-startup-is-reportedly-looking-to-raise-up-1851200609"">Read more...</a></p>",http://qz.com/feed,"Fri, 26 Jan 2024 16:54:00 GMT",Others
"üåé Is 2024 the year of tech layoffs?","<img class=""type:primaryImage"" src=""https://i.kinja-img.com/image/upload/c_fit,q_80,w_636/21871a1358c3ed2238ff196a7ea9b36f.jpg"" /><p>Good morning, Quartz readers!<br /></p><p><a href=""https://qz.com/emails/daily-brief/1851199044/is-2024-the-year-of-tech-layoffs"">Read more...</a></p>",http://qz.com/feed,"Fri, 26 Jan 2024 13:06:00 GMT",Others
"Europe's economic security plan needs to play both defense and offense","<img class=""type:primaryImage"" src=""https://i.kinja-img.com/image/upload/c_fit,q_80,w_636/79d59ede37de02ce93d5eb6105dbab7b.jpg"" /><p>The European Union this week <a class=""sc-1out364-0 dPMosf sc-145m8ut-0 lcFFec js_link"" href=""https://ec.europa.eu/commission/presscorner/detail/en/IP_24_363"" rel=""noopener noreferrer"" target=""_blank"">published a raft of proposals</a> aimed at bolstering the bloc‚Äôs economic security, including how to better scrutinize inbound investments, monitor risks associated with outbound investments,  and regulate exports of sensitive technologies. </p><p><a href=""https://qz.com/europe-china-economic-security-1851199793"">Read more...</a></p>",http://qz.com/feed,"Fri, 26 Jan 2024 10:01:00 GMT",Others
"Sephora tweens are giving LVMH's profits a nice glow","<img class=""type:primaryImage"" src=""https://i.kinja-img.com/image/upload/c_fit,q_80,w_636/fad8a091789fc7d082dea33ff925e178.jpg"" /><p>Everyone‚Äôs been talking about the Sephora tweens: Young customers who flock to the beauty store in search of pricey skincare products to rejuvenate faces too young to register the wear and tear of life. Some people are <a class=""sc-1out364-0 dPMosf sc-145m8ut-0 lcFFec js_link"" href=""https://www.dailymail.co.uk/femail/article-12984249/sephora-teens-ruin-beauty-product-samples-store.html"" rel=""noopener noreferrer"" target=""_blank"">scared of them</a>. Some are <a class=""sc-1out364-0 dPMosf sc-145m8ut-0 lcFFec js_link"" href=""https://www.axios.com/2024/01/25/sephora-kids-tweens-anti-aging-skin-care-parents"" rel=""noopener noreferrer"" target=""_blank"">scared for them</a>. Some would like to remind horrified onlookers that <a class=""sc-1out364-0 dPMosf sc-145m8ut-0 lcFFec js_link"" href=""https://www.allure.com/story/sephora-tweens-are-nothing-new"" rel=""noopener noreferrer"" target=""_blank"">they‚Ä¶</a></p><p><a href=""https://qz.com/sephora-tweens-lvmh-profits-boost-1851198488"">Read more...</a></p>",http://qz.com/feed,"Thu, 25 Jan 2024 22:20:00 GMT",Others
"Tech layoffs are already on pace to surpass last year after another brutal week","<img class=""type:primaryImage"" src=""https://i.kinja-img.com/image/upload/c_fit,q_80,w_636/d2908e8d2d1e0082b28aebecaed68a58.jpg"" /><p><br /></p><p><a href=""https://qz.com/tech-layoffs-might-surpass-2023-1851198088"">Read more...</a></p>",http://qz.com/feed,"Thu, 25 Jan 2024 21:46:48 GMT",Others
"The Fed hasn't killed the economy yet","<img class=""type:primaryImage"" src=""https://i.kinja-img.com/image/upload/c_fit,q_80,w_636/8aa21efe6ed575d1b3f855fa7ff9f615.jpg"" /><p>Lots of people would love it if the Federal Reserve cut interest rates soon. Investors want cheaper money. Homeowners want cheaper mortgages. Consumers want cheaper credit card bills. And for a while, there was <a class=""sc-1out364-0 dPMosf sc-145m8ut-0 lcFFec js_link"" href=""https://qz.com/speculation-about-eventual-rate-cuts-is-rising-but-fed-1851088754"" rel=""noopener noreferrer"" target=""_blank"">a lot of pressure</a> on the Fed to give them what they wanted out of fears that holding rates too high would <a class=""sc-1out364-0 dPMosf sc-145m8ut-0 lcFFec js_link"" href=""https://www.epi.org/blog/the-fed-should-stand-pat-on-further-interest-rate-hikes-at-this-weeks-meeting-inflation-is-easing-even-as-the-labor-market-remains-strong/"" rel=""noopener noreferrer"" target=""_blank"">dam‚Ä¶</a></p><p><a href=""https://qz.com/fed-interest-rate-cuts-not-coming-soon-1851197420"">Read more...</a></p>",http://qz.com/feed,"Thu, 25 Jan 2024 19:44:00 GMT",Others
"Americans are shopping their way to a stronger economy","<img class=""type:primaryImage"" src=""https://i.kinja-img.com/image/upload/c_fit,q_80,w_636/5b5434cb653ccfccdf3a715c1272a77e.jpg"" /><p>The economy is still humming! </p><p><a href=""https://qz.com/shopping-is-driving-us-economy-1851196614"">Read more...</a></p>",http://qz.com/feed,"Thu, 25 Jan 2024 17:48:00 GMT",Others
"How to find a new job and make more money | Your Wallet","<img class=""type:primaryImage"" src=""https://i.kinja-img.com/image/upload/c_fit,q_80,w_636/ec54b05809dd9f012f063a2b146b8412.jpg"" /><p><a href=""https://qz.com/how-to-find-a-new-job-and-make-more-money-your-wallet-1851197222"">Read more...</a></p>",http://qz.com/feed,"Thu, 25 Jan 2024 17:39:27 GMT",Others
"Tesla‚Äôs time in the sun is over as EV imports are soaring","<img class=""type:primaryImage"" src=""https://i.kinja-img.com/image/upload/c_fit,q_80,w_636/2508d5a0a857815754da45e28b26bbbc.jpg"" /><p>In a shareholder <a class=""sc-1out364-0 dPMosf sc-145m8ut-0 lcFFec js_link"" href=""https://digitalassets.tesla.com/tesla-contents/image/upload/IR/TSLA-Q4-2023-Update.pdf"" rel=""noopener noreferrer"" target=""_blank"">letter Wednesday</a> (Jan. 25), Tesla said that vehicle volume growth may be ‚Äúnotably lower‚Äù than the rate from a year ago.<br /></p><p><a href=""https://qz.com/tesla-outlook-ev-import-soar-1851196877"">Read more...</a></p>",http://qz.com/feed,"Thu, 25 Jan 2024 17:27:00 GMT",Others
"üöÄ Space Business: A lunar new year","<img class=""type:primaryImage"" src=""https://i.kinja-img.com/image/upload/c_fit,q_80,w_636/97c84332e690c368f43fa8d5c6e9f937.jpg"" /><p>We‚Äôll be taking a break from Space Business for a bit! In the meantime, keep your eyes on the skies (and if you want more Quartz in your inbox, <a class=""sc-1out364-0 dPMosf sc-145m8ut-0 lcFFec js_link"" href=""https://qz.com/newsletter"" rel=""noopener noreferrer"" target=""_blank"">check out our other newsletters</a>)!</p><p><a href=""https://qz.com/emails/space-business/1851194792/space-business-a-lunar-new-year"">Read more...</a></p>",http://qz.com/feed,"Thu, 25 Jan 2024 15:59:00 GMT",Others
"United and Alaska Airlines' Boeing 737 Max 9 planes will return to the air","<img class=""type:primaryImage"" src=""https://i.kinja-img.com/image/upload/c_fit,q_80,w_636/9ceefd457e30e993cb47c862d3e1eb99.jpg"" /><p>The US Federal Aviation Administration said grounded Boeing 737 Max 9 airplanes will be cleared to return to the skies after it does an inspection and maintenance check.<br /></p><p><a href=""https://qz.com/737-max-9-united-alaska-return-to-air-1851196101"">Read more...</a></p>",http://qz.com/feed,"Thu, 25 Jan 2024 15:07:00 GMT",Others
"Subway made a big investment in new meat slicers and it's not looking good","<img class=""type:primaryImage"" src=""https://i.kinja-img.com/image/upload/c_fit,q_80,w_636/544cc9ab7abe867dc91339e6fe1b502b.jpg"" /><p>When Subway announced last year that it would be removing pre-sliced meat from its assembly line and <a class=""sc-1out364-0 dPMosf sc-145m8ut-0 lcFFec js_link"" href=""https://thetakeout.com/subway-locations-deli-slicer-meat-better-sandwich-menu-1850071133"">adding automatic deli slicers</a> to its more than 20,000 locations, the intention was to improve the chain‚Äôs overall sandwich quality. Just six months after this systemwide change, however, Restaurant Business reports <a class=""sc-1out364-0 dPMosf sc-145m8ut-0 lcFFec js_link"" href=""https://www.restaurantbusinessonline.com/financing/some-subway-operators-slicers-arent-all-theyre-sliced-be"" rel=""noopener noreferrer"" target=""_blank"">Subw‚Ä¶</a></p><p><a href=""https://qz.com/subway-meat-slicers-1851195872"">Read more...</a></p>",http://qz.com/feed,"Thu, 25 Jan 2024 13:42:00 GMT",Others
"Huge market headwinds made house flipper profits less gigantic last year","<img class=""type:primaryImage"" src=""https://i.kinja-img.com/image/upload/c_fit,q_80,w_636/163cf5ff0049365381b4b601d705ddd5.jpg"" /><p>A lot of people don‚Äôt want to sell their houses because their interest rates are too good and they‚Äôre scared they won‚Äôt be able to afford something better. A lot of people can‚Äôt buy a house because interest rates are too high and they can‚Äôt afford anything at all. So when transactions do happen‚Äîin 2023, existing US‚Ä¶</p><p><a href=""https://qz.com/selling-houses-less-profitable-2023-1851194261"">Read more...</a></p>",http://qz.com/feed,"Thu, 25 Jan 2024 05:00:00 GMT",Others
"2024's most powerful passports ranked","<img class=""type:primaryImage"" src=""https://i.kinja-img.com/image/upload/c_fit,q_80,w_636/88de51e230776489259a014e629a925f.jpg"" /><p>Japan and Singapore enjoyed the shared distinction of <a class=""sc-1out364-0 dPMosf sc-145m8ut-0 lcFFec js_link"" href=""https://qz.com/most-powerful-passports-2023-ranking-1850024908"" rel=""noopener noreferrer"" target=""_blank"">having the most powerful passports in the world</a> since 2019. But they‚Äôre not alone anymore. </p><p><a href=""https://qz.com/most-powerful-passports-2024-world-rankings-1851177985"">Read more...</a></p>",http://qz.com/feed,"Wed, 24 Jan 2024 21:28:31 GMT",Others
"Tesla has been a tech stock stinker as Microsoft joins Apple in the $3 trillion club","<img class=""type:primaryImage"" src=""https://i.kinja-img.com/image/upload/c_fit,q_80,w_636/aac2eab778880d7284d7f4648437ad03.jpg"" /><p>At the top of the year, the Wall Street Journal <a class=""sc-1out364-0 dPMosf sc-145m8ut-0 lcFFec js_link"" href=""https://www.wsj.com/finance/optimism-abounds-wall-street-this-new-year-a0ec5cc0"" rel=""noopener noreferrer"" target=""_blank"">let the world know</a> about the ‚ÄúMagnificent Seven,‚Äù a basket of tech stocks that traders were hyping up for the high profits amid a period of economic uncertainty. </p><p><a href=""https://qz.com/tesla-stock-down-magnificent-seven-microsoft-apple-1851194022"">Read more...</a></p>",http://qz.com/feed,"Wed, 24 Jan 2024 21:23:00 GMT",Others
"Shah Rukh Khan: The king of cinema is back","<img class=""type:primaryImage"" src=""https://i.kinja-img.com/image/upload/c_fit,q_80,w_636/ab36dd4905fad76f26e1cc4cdbaa47b9.jpg"" /><p><strong>Back with a bang</strong><br /></p><p><a href=""https://qz.com/emails/quartz-obsession/1851193320/shah-rukh-khan-the-king-of-cinema-is-back"">Read more...</a></p>",http://qz.com/feed,"Wed, 24 Jan 2024 21:08:00 GMT",Others
"Netflix password-sharing crackdown and price hikes will drive revenue 'for years'","<img class=""type:primaryImage"" src=""https://i.kinja-img.com/image/upload/c_fit,q_80,w_636/a32d9d4a925ebadbd05c002fe9668555.jpg"" /><p>Netflix‚Äôs <a class=""sc-1out364-0 dPMosf sc-145m8ut-0 lcFFec js_link"" href=""https://qz.com/netflix-password-sharing-crackdown-us-household-1850468506"" rel=""noopener noreferrer"" target=""_blank"">password-sharing crackdown</a>‚Äîwhich the company more affectionately calls ‚Äúpaid sharing,‚Äù ‚Äúthe right nudge at the right time‚Äù‚Äînot only paid off immediately after the company implemented it last May, but even more so in the months that followed.<br /></p><p><a href=""https://qz.com/netflix-password-sharing-crackdown-and-price-hikes-are-1851193478"">Read more...</a></p>",http://qz.com/feed,"Wed, 24 Jan 2024 20:10:00 GMT",Others
"It turns out oil gets more expensive to ship when boats go boom in the Red Sea","<img class=""type:primaryImage"" src=""https://i.kinja-img.com/image/upload/c_fit,q_80,w_636/dd7143e78390e16321add067c3440b5f.jpg"" /><p>The oil comes out the ground, the oil gets sold, the oil gets shipped somewhere, the oil gets turned into gasoline and plastic and all the stuff we use to go about our lives. All of these steps in the process affect the price of the oil itself, and three of them get the most attention, but only one of them is getting‚Ä¶</p><p><a href=""https://qz.com/fighting-red-sea-oil-prices-increasing-1851192473"">Read more...</a></p>",http://qz.com/feed,"Wed, 24 Jan 2024 19:31:07 GMT",Others
"North Carolina Gov. Cooper signs executive order to support freed prisoners through education, assistance","North Carolina joined a national effort on Monday aimed at improving outcomes for released prisoners by focusing on education, healthcare and housing.",http://feeds.foxnews.com/foxnews/politics,"Tue, 30 Jan 2024 07:23:40 -0500",Others
"DOJ says Merrick Garland to transfer power during upcoming back surgery after Biden Defense Dept controversy","Merrick Garland is to transfer power before undergoing back surgery weeks after Defense Secretary Lloyd Austin was hospitalized without giving notice.",http://feeds.foxnews.com/foxnews/politics,"Tue, 30 Jan 2024 07:23:08 -0500",Others
"West Virginia House advances bill requiring state ID to access internet pornography","The WV House Judiciary Committee passed a bill that would require people in the state to present state ID for age verification before accessing internet pornography.",http://feeds.foxnews.com/foxnews/politics,"Tue, 30 Jan 2024 07:00:30 -0500",Others
"Kentucky Senate reviews bill aimed at improving student transportation","Democratic Sen. David Yates has introduced legislation aimed at improving student transportation in Kentucky by allowing districts to use district-owned or leased vehicles.",http://feeds.foxnews.com/foxnews/politics,"Tue, 30 Jan 2024 06:49:05 -0500",Others
"Republican-led Kentucky House advances bill to make paid family leave more accessible","The Kentucky state House has overwhelmingly passed House Bill 179, which proposes a voluntary, market-driven approach to expand access to paid family leave.",http://feeds.foxnews.com/foxnews/politics,"Tue, 30 Jan 2024 06:42:18 -0500",Others
"Michigan man charged after threatening to hang Biden and Harris, bomb Washington, DC","Federal prosecutors charged a Michigan man who threatened to execute President Biden and Vice President Kamala Harris and called for the bombing of Washington, D.C.",http://feeds.foxnews.com/foxnews/politics,"Tue, 30 Jan 2024 06:07:53 -0500",Others
"McConnell-aligned GOP groups raise a record $95 million last year in battle for Senate majority","Two outside groups aligned with longtime Senate GOP leader Mitch McConnell report raising over $95 million last year in efforts to win back a Republican majority in the chamber.",http://feeds.foxnews.com/foxnews/politics,"Tue, 30 Jan 2024 05:30:16 -0500",Others
"Marjorie Taylor Greene predicts Mayorkas impeachment articles will pass House without any Dem support","The House Homeland Security Committee is gearing up to advance articles of impeachment against Secretary Alejandro Mayorkas.",http://feeds.foxnews.com/foxnews/politics,"Tue, 30 Jan 2024 04:00:55 -0500",Others
"Watchdog group launches campaign to expose antisemitic students, faculty on college campuses","Accuracy in Media, a watchdog group, launched a campaign aimed at exposing students and faculty on college campuses who&apos;ve allegedly engaged in antisemitic activities.",http://feeds.foxnews.com/foxnews/politics,"Tue, 30 Jan 2024 04:00:44 -0500",Others
"Rep Tenney nominates Trump for Nobel Peace Prize for 'historic' Abraham Accords","Rep. Claudia Tenney, R-N.Y., has nominated former President Trump for a Nobel Peace Prize, citing his role in the &quot;historic&quot; Abraham Accords.",http://feeds.foxnews.com/foxnews/politics,"Tue, 30 Jan 2024 04:00:40 -0500",Others
"Republicans to grill top Biden officials over actions targeting key hydro dams","A top House panel is set to grill federal officials, including the chief of the White House Council on Environmental Quality, over a secretive agreement targeting hydro dams.",http://feeds.foxnews.com/foxnews/politics,"Tue, 30 Jan 2024 04:00:22 -0500",Others
"Hunter Biden business partner's dad boasted about CCP leaders praising his book: 'You touched my heart'","An unearthed interview involving the father of Hunter Biden&apos;s longtime business partner shows him boasting about the CCP praising his business book and amplifying it across China",http://feeds.foxnews.com/foxnews/politics,"Tue, 30 Jan 2024 04:00:10 -0500",Others
"Biden‚Äôs leaked campaign plan: Target Trump (of course) and work social media","Howard Kurtz shares his thoughts on why the Biden campaign leaked the political strategy for the 2024 presidential race to the New York Times.",http://feeds.foxnews.com/foxnews/politics,"Tue, 30 Jan 2024 03:00:05 -0500",Others
"Top Obama official's attack on Biden's foreign policy failures resurfaces after 3 US soldiers killed","Former Obama Defense Secretary Robert Gates&apos; past criticism of Joe Biden&apos;s foreign policy failures have resurfaced following the deaths of three U.S. soldiers at an outpost in Jordan.",http://feeds.foxnews.com/foxnews/politics,"Mon, 29 Jan 2024 20:25:30 -0500",Others
"Austin city agency offers racially segregated 'anti-racist' trainings for 'white folks' and 'people of color'","Employees in the Parks Department in Austin, Texas recently received an email from management inviting them to a racially segregated &quot;anti-racist&quot; training.",http://feeds.foxnews.com/foxnews/politics,"Mon, 29 Jan 2024 20:10:27 -0500",Others
"'Don't know' what shutting down the border means 'exactly,' White House spokeswoman says","White House press secretary Karine Jean-Pierre said there are &quot;different definitions&quot; to shutting down the border when asked if President Biden is sounding like Donald Trump.",http://feeds.foxnews.com/foxnews/politics,"Mon, 29 Jan 2024 17:26:50 -0500",Others
"Resurfaced video of Matt Rosendale reveals GOP divide in potential Montana Senate primary","A video of Montana Senate candidate Rep. Matt Rosendale discussing DACA resurfaced on X, drawing mixed reviews from Republicans.",http://feeds.foxnews.com/foxnews/politics,"Mon, 29 Jan 2024 16:20:03 -0500",Others
"Judge in Hunter Biden gun case orders search warrants unsealed","The judge overseeing the federal weapons cases against Hunter Biden has ordered that search warrants used in two investigations of the embattled first son must be made public.",http://feeds.foxnews.com/foxnews/politics,"Mon, 29 Jan 2024 16:19:32 -0500",Others
"Ford plans to hire Chinese military software supplier for EV factory in US: GOP investigators","Ford Motor Company is planning to contract Chinese firms involved in sanctions evasion and hostile military activity for its proposed electric vehicle battery plant in Michigan.",http://feeds.foxnews.com/foxnews/politics,"Mon, 29 Jan 2024 16:18:58 -0500",Others
"Biden vs. Johnson border standoff: Experts split on who has the authority to solve crisis","Scholars and immigration policy experts spoke with Fox News Digital about which branch of government has the true power to solve the ongoing border crisis.",http://feeds.foxnews.com/foxnews/politics,"Mon, 29 Jan 2024 15:54:02 -0500",Others
"Ex-IRS contractor who leaked Trump's tax returns sentenced to 5 years in prison","A court sentenced the man responsible for leaking former President Trump&apos;s tax returns, Charles Littlejohn, to five years in prison on Monday.",http://feeds.foxnews.com/foxnews/politics,"Mon, 29 Jan 2024 12:08:08 -0500",Others
"Texas Gov. Abbott sends stark message to sanctuary cities as migrant crisis continues","Texas Gov. Greg Abbott is vowing to continue his state&apos;s mission of sending migrants to sanctuary cities until the Biden administration &quot;secures the border.&quot;",http://feeds.foxnews.com/foxnews/politics,"Mon, 29 Jan 2024 15:03:34 -0500",Others
"White House defends UNRWA amid terrorist allegations: 'Don't impugn the whole agency'","White House spokesman John Kirby says the allegations against 13 UNRWA employees should not impugn the whole agency.",http://feeds.foxnews.com/foxnews/politics,"Mon, 29 Jan 2024 14:58:19 -0500",Others
"At war or not? US conflict with Iran-backed militias blurs line","Where does the conflict with Iranian-backed rebels leave the U.S. militarily, politically and constitutionally when it comes to war ‚Äì or whatever the U.S. is engaged in right now?",http://feeds.foxnews.com/foxnews/politics,"Mon, 29 Jan 2024 14:33:39 -0500",Others
"Gina Swoboda, activist endorsed by Trump, becomes new Arizona Republican party chair","Gina Swoboda is an election activist who was endorsed by former President Donald Trump. She has become the new chair of the Arizona Republican Party following Jeff DeWit&apos;s resignation.",http://feeds.foxnews.com/foxnews/politics,"Mon, 29 Jan 2024 14:19:46 -0500",Others
"Xi Jinping celebrates China‚Äôs rising power ‚Äî and his own","President Xi Jinping opened China‚Äôs twice-per decade Communist Party Congress on Wednesday hailing the reforms he put in place during his first five-year term and sharing his vision for where he hopes to take the nation. William Brangham reports on the congress as it prepares to announce Xi‚Äôs successor and how new leadership may transform China‚Äôs role as a global economic partner.",http://feeds.feedburner.com/NewshourWorld,"Wed, 18 Oct 2017 22:35:21 +0000",Others
"The battle for Mosul is over, but this hidden ISIS danger could lurk for years","Iraq may have ousted Islamic States militants from the city of Mosul over the summer, but the major task of finding and destroying the mines, booby traps and bombs remains. A security firm hired by the U.S. and Iraqi workers are making progress to clear major areas, but it could take years or even decades. Special correspondent Marcia Biggs reports on the safety of Mosul after ISIS.",http://feeds.feedburner.com/NewshourWorld,"Wed, 18 Oct 2017 22:20:26 +0000",Others
"As Rohingya refugees continue to flee from persecution, here‚Äôs how you can help","More than 500,000 Rohingya Muslims have fled their homes since August to escape systematic violence at the hands of government soldiers in Myanmar. Here's how you can help.",http://feeds.feedburner.com/NewshourWorld,"Wed, 18 Oct 2017 20:58:34 +0000",Others
"Tillerson: ‚ÄòHeartbreaking‚Äô reports of suffering in Myanmar","WASHINGTON ‚Äî Secretary of State Rex Tillerson is condemning reported atrocities committed against Rohingya Muslims in Myanmar, and he says those responsible ‚Äî perhaps the country's military ‚Äî will be held accountable.",http://feeds.feedburner.com/NewshourWorld,"Wed, 18 Oct 2017 15:36:51 +0000",Others
"Far-right groups gain ground in Sweden and Germany amid migrant influx","Sunday‚Äôs election in Austria brought victory to 31-year-old Sebastian Kurz, who was elected chancellor on an anti-immigrant platform. Earlier, a strengthened far-right party dealt a blow to returning leader Angela Merkel in Germany‚Äôs election. As Sweden‚Äôs election approaches next year, special correspondent Michael Brabant surveys the changing political landscape in Europe.",http://feeds.feedburner.com/NewshourWorld,"Tue, 17 Oct 2017 22:30:37 +0000",Others
"U.S.-backed Syrian forces recapture Raqqa from Islamic State group","U.S.-backed Syrian Democratic Forces announced Tuesday that they had captured the city of Raqqa from Islamic State militants.",http://feeds.feedburner.com/NewshourWorld,"Tue, 17 Oct 2017 16:57:20 +0000",Others
"WATCH: Trump and Greek prime minister hold joint news conference","President Donald Trump says the U.S. stands with Greece as they recover from their economic crisis.",http://feeds.feedburner.com/NewshourWorld,"Tue, 17 Oct 2017 16:28:24 +0000",Others
"U.S., Japan agree to maximize diplomatic pressure on North Korea","TOKYO ‚Äî U.S. and Japanese diplomats agreed Tuesday to maximize pressure on North Korea to resolve tensions over its nuclear program, while citing the need to be prepared for the worst if diplomacy fails.",http://feeds.feedburner.com/NewshourWorld,"Tue, 17 Oct 2017 13:01:05 +0000",Others
"News Wrap: Dozens missing after deadly Mogadishu truck bombing","In our news wrap Monday, more than 300 people are confirmed dead and nearly 400 wounded after Saturday‚Äôs massive truck bombing in Somalia‚Äôs capital Mogadishu. The government blamed the al-Qaida-linked group al-Shabab. Also, 31-year-old conservative Sebastian Kurz is set to become the Austria‚Äôs next leader in another shift to the right in European politics.",http://feeds.feedburner.com/NewshourWorld,"Mon, 16 Oct 2017 22:45:17 +0000",Others
"Why a power struggle has broken out over Kirkuk","Two vital American allies have reignited their rivalry in Iraq. After months of simmering tensions, national military forces and militia moved to push Kurdish forces out of the disputed city of Kirkuk. Three weeks ago, the Kurds held a referendum to split from Iraq. Lisa Desjardins reports and Judy Woodruff talks with Emma Sky of Yale University and Feisal Istrabadi of Indiana University.",http://feeds.feedburner.com/NewshourWorld,"Mon, 16 Oct 2017 22:40:31 +0000",Others
"Rex Tillerson says continue diplomacy with North Korea ‚Äòuntil first bomb drops‚Äô","That statement comes despite President Donald Trump's tweets a couple of weeks ago that his chief envoy was ""wasting his time"" trying to negotiate with ""Little Rocket Man,"" a mocking nickname Trump has given the nuclear-armed nation's leader, Kim Jong Un.",http://feeds.feedburner.com/NewshourWorld,"Mon, 16 Oct 2017 11:08:00 +0000",Others
"Iraqi, Kurdish forces in standoff, weeks after Kurdish vote for independence","Iraqi army and Kurdish troops are in a standoff in Kirkuk, a city located in the Kurdistan region, which voted for independence from Iraq last month. Kirkuk holds 10 percent of Iraq‚Äôs oil reserves. Washington Post reporter Loveday Morris, who is covering the standoff, joins Hari Sreenivasan via Skype from Baghdad.",http://feeds.feedburner.com/NewshourWorld,"Sun, 15 Oct 2017 20:33:23 +0000",Others
"South Sudan civil war causes Africa‚Äôs worst refugee crisis","South Sudan‚Äôs four-year civil war has left half of the nation‚Äôs population, 6 million people, in need of humanitarian aid and caused one of the world‚Äôs worst refugee crises. With support from the U.S. Holocaust Memorial Museum‚Äôs Center for the Prevention of Genocide, NewsHour Weekend Special Correspondent Simona Foltyn and journalist Jason Patinkin traveled to Uganda to meet people desperate for asylum.",http://feeds.feedburner.com/NewshourWorld,"Sun, 15 Oct 2017 19:26:17 +0000",Others
"Hundreds dead after massive truck bomb strikes Mogadishu","At least 231 people were killed and hundreds more wounded after a massive truck bomb on Saturday struck Somalia's capital city of Mogadishu.",http://feeds.feedburner.com/NewshourWorld,"Sun, 15 Oct 2017 16:27:49 +0000",Others
"Column: Why reporting from South Sudan is so difficult ‚Äî and critically needed","The war has had a devastating impact on South Sudanese communities, but much of it has remained out of the limelight of international media.",http://feeds.feedburner.com/NewshourWorld,"Sun, 15 Oct 2017 14:27:40 +0000",Others
"India navy rescues Pakistani sailors from pirates","This was the second anti-hijacking operation in two days by India's navy off Somalia's coast.",https://feeds.bbci.co.uk/news/world/asia/india/rss.xml,"Tue, 30 Jan 2024 08:49:59 GMT",Others
"Kerala: Fifteen men sentenced to death for murder of BJP leader","The victim was a local leader of the BJP, and the convicts were affiliated with a now-banned Muslim group.",https://feeds.bbci.co.uk/news/world/asia/india/rss.xml,"Tue, 30 Jan 2024 10:50:43 GMT",Others
"India v England: Tom Hartley hopes for 'respect' after match-winning haul","Spinner Tom Hartley hopes to have ""respect on my name"" after bowling England to an incredible victory in the first Test against India in Hyderabad.",https://feeds.bbci.co.uk/news/world/asia/india/rss.xml,"Tue, 30 Jan 2024 12:37:22 GMT",Others
"India's ancient carpet weaving industry meets AI","Kashmir's handmade carpet industry is trying to maintain its traditions while staying competitive.",https://feeds.bbci.co.uk/news/world/asia/india/rss.xml,"Tue, 30 Jan 2024 00:05:30 GMT",Others
"Haji Malang: The Sufi shrine caught up in a religious row in Mumbai","Both Hindus and Muslims visit the Haji Malang shrine in Mumbai - but a controversy has shaken some devotees.",https://feeds.bbci.co.uk/news/world/asia/india/rss.xml,"Sun, 28 Jan 2024 23:14:37 GMT",Others
"Moti Mahal: India curry houses battle over butter chicken","Butter chicken - a curry popular around the world - is now in the middle of a court battle in India.",https://feeds.bbci.co.uk/news/world/asia/india/rss.xml,"Sun, 28 Jan 2024 01:17:04 GMT",Others
"UK MPs to meet security minister over safety of Sikhs","A cross-party group of MPs is to meet with the security minister on Tuesday, an MP says.",https://feeds.bbci.co.uk/news/world/asia/india/rss.xml,"Sun, 28 Jan 2024 14:57:49 GMT",Others
"India calls Pakistan's claim of targeted killings 'false'","Islamabad on Thursday accused India of killing two of its citizens on its soil in 2023.",https://feeds.bbci.co.uk/news/world/asia/india/rss.xml,"Fri, 26 Jan 2024 07:04:26 GMT",Others
"Tamil Nadu: Chennai‚Äôs 'last Jew' fights for place in India‚Äôs history","Davvid Levi has been documenting the history of his family and that of other Jews in India's Chennai city.",https://feeds.bbci.co.uk/news/world/asia/india/rss.xml,"Sat, 27 Jan 2024 03:25:03 GMT",Others
"India v England: 'Hyderabad Heist shows England are unmissable'","The astonishing victory over India in Hyderabad shows why you cannot take your eyes off the England Test team, says Stephan Shemilt.",https://feeds.bbci.co.uk/news/world/asia/india/rss.xml,"Sun, 28 Jan 2024 19:18:36 GMT",Others
"Rohan Bopanna: 'Age is just a number'","India's Rohan Bopanna, 43, becomes the oldest men's doubles Grand Slam champion with victory at the Australian Open.",https://feeds.bbci.co.uk/news/world/asia/india/rss.xml,"Sat, 27 Jan 2024 15:42:34 GMT",Others
"Adani Ports: The Tamil Nadu villagers taking on a billionaire's port plan","Locals in 100 villages of Tamil Nadu state are fighting the expansion of a port owned by Gautam Adani.",https://feeds.bbci.co.uk/news/world/asia/india/rss.xml,"Wed, 24 Jan 2024 02:39:32 GMT",Others
"Umar Khalid: Indian activist languishes in jail without bail or trial","Umar Khalid, who was arrested three years ago for alleged involvement in riots, is still waiting for a trial.",https://feeds.bbci.co.uk/news/world/asia/india/rss.xml,"Tue, 23 Jan 2024 00:32:22 GMT","Terrorism / protest / political unrest / riot"
"Women take the lead in Republic Day parade","Every year, the country celebrates the day its constitution came into effect with a grand spectacle.",https://feeds.bbci.co.uk/news/world/asia/india/rss.xml,"Fri, 26 Jan 2024 09:05:05 GMT",Others
"Watch: Crowds at India's new Ram temple in Ayodhya day after opening","The grand temple dedicated to the Hindu God Ram was inaugurated by Prime Minister Narendra Modi on Monday.",https://feeds.bbci.co.uk/news/world/asia/india/rss.xml,"Tue, 23 Jan 2024 09:47:15 GMT",Others
"Indian PM Modi inaugurates temple in Ayodhya","The opening of the grand temple comes ahead of India's general elections.",https://feeds.bbci.co.uk/news/world/asia/india/rss.xml,"Mon, 22 Jan 2024 08:06:54 GMT",Others
"Plane gets jammed under bridge in India","The scrap fuselage was on its way to Assam from Mumbai on a lorry when it got stuck.",https://feeds.bbci.co.uk/news/world/asia/india/rss.xml,"Fri, 29 Dec 2023 23:17:00 GMT",Others
"Intruder jumps on table in Indian parliament","Lawmakers said two men jumped into the well of the house from the visitors' gallery.",https://feeds.bbci.co.uk/news/world/asia/india/rss.xml,"Wed, 13 Dec 2023 09:49:30 GMT",Others
"Moment worker is pulled from collapsed tunnel","Fourty-one Indian workers are finally rescued from a tunnel that partially caved in after a landslide.",https://feeds.bbci.co.uk/news/world/asia/india/rss.xml,"Tue, 28 Nov 2023 15:13:21 GMT",Others
"First video of trapped tunnel workers in India","Rescuers have shared a video of the 41 workers who have been trapped inside a tunnel since 12 November.",https://feeds.bbci.co.uk/news/world/asia/india/rss.xml,"Tue, 21 Nov 2023 05:58:33 GMT",Others
